"_id","product_name","price","image","user_id","__v"
"5f6db7b3002fcc2a0805c5aa","tomato","10","1601025971493_tomato.jpg","5f6d7bea35e1dd16dc18c561","0"
"5f6db7c8002fcc2a0805c5ab","carot","20","1601025992826_carot.jpg","5f6d7bea35e1dd16dc18c561","0"
"5f6de34733f372205496d9b1","potato","100","1601037127418_potato.jpg","5f6db8bf002fcc2a0805c5ad","0"
"5f6de5223f27ae29d828d96c","onion","10","1601037602721_onion.jpg","5f6db8bf002fcc2a0805c5ad","0"
"5f843192f074b61c54ee5afb","gooday","20","1602498961773_good_day.jfif","5f6d7bea35e1dd16dc18c561","0"
"5f8431a3f074b61c54ee5afc","orange","20","1602498979741_orange.jpg","5f6d7bea35e1dd16dc18c561","0"
"5f8431caf074b61c54ee5afd","apple","20","1602499018481_apple.jpeg","5f6d7bea35e1dd16dc18c561","0"
"5f8431ecf074b61c54ee5afe","onion","20","1602499052212_onion.jpg","5f6d7bea35e1dd16dc18c561","0"
"5f8431fdf074b61c54ee5aff","potato","20","1602499069816_potato.jpg","5f6d7bea35e1dd16dc18c561","0"
"5f84320df074b61c54ee5b00","carot","20","1602499085308_carot.jpg","5f6d7bea35e1dd16dc18c561","0"
"5f843223f074b61c54ee5b01","tomato","20","1602499107858_tomato.jpg","5f6d7bea35e1dd16dc18c561","0"
"5f84323cf074b61c54ee5b02","apple","100","1602499132574_apple.jpeg","5f6d7bea35e1dd16dc18c561","0"
"5f843251f074b61c54ee5b03","gooday","26","1602499153303_good_day.jfif","5f6d7bea35e1dd16dc18c561","0"
"5f843261f074b61c54ee5b04","orange","47","1602499169837_orange.jpg","5f6d7bea35e1dd16dc18c561","0"
"5f84326ef074b61c54ee5b05","potato","31","1602499182595_potato.jpg","5f6d7bea35e1dd16dc18c561","0"
"5f843287f074b61c54ee5b06","orange","37","1602499207743_orange.jpg","5f6d7bea35e1dd16dc18c561","0"
"5f843299f074b61c54ee5b07","onion","43","1602499225221_onion.jpg","5f6d7bea35e1dd16dc18c561","0"
"5f8432b0f074b61c54ee5b08","apple","31","1602499248963_apple.jpeg","5f6d7bea35e1dd16dc18c561","0"
"5f8432c9f074b61c54ee5b09","onion","22","1602499273621_onion.jpg","5f6d7bea35e1dd16dc18c561","0"
"5f8432daf074b61c54ee5b0a","carot","26","1602499290567_carot.jpg","5f6d7bea35e1dd16dc18c561","0"
"5f8432e6f074b61c54ee5b0b","apple","47","1602499302227_apple.jpeg","5f6d7bea35e1dd16dc18c561","0"